title,description,ingredients,image,id
Latte,"As the most popular coffee drink out there, the latte is made with a shot of espresso and steamed milk, with just a touch of foam. It can be ordered plain or flavored with everything from vanilla to pumpkin spice.","['Espresso', 'Steamed milk']",https://images.unsplash.com/photo-1561882468-9110e03e0f78?auto=format&fit=crop&q=60&w=800&ixlib=rb-4.0.3&ixid=M3wxMjA3fDB8MHxzZWFyY2h8MTl8fGxhdHRlfGVufDB8fDB8fHww,2
Caramel Latte,"If you like flavored lattes, a caramel latte is a great choice, combining espresso, steamed milk, and caramel for a naturally sweet and creamy drink.","['Espresso', 'Steamed milk', 'Caramel syrup']",https://images.unsplash.com/photo-1599398054066-846f28917f38?auto=format&fit=crop&q=80&w=1887&ixlib=rb-4.0.3&ixid=M3wxMjA3fDB8MHxwaG90by1wYWdlfHx8fGVufDB8fHx8fA%3D%3D,3
Cappuccino,"A cappuccino is an espresso drink with steamed milk and a thick layer of foam, often topped with cocoa powder or cinnamon. Some variations use cream instead of milk or add flavored syrups.","['Espresso', 'Steamed milk', 'Foam']",https://images.unsplash.com/photo-1557006021-b85faa2bc5e2?auto=format&fit=crop&q=80&w=1887&ixlib=rb-4.0.3&ixid=M3wxMjA3fDB8MHxwaG90by1wYWdlfHx8fGVufDB8fHx8fA%3D%3D,4
Espresso,"A shot of espresso can be served on its own or used as the base for most coffee drinks, like lattes and macchiatos.",['Espresso'],https://images.unsplash.com/photo-1579992357154-faf4bde95b3d?auto=format&fit=crop&q=80&w=1887&ixlib=rb-4.0.3&ixid=M3wxMjA3fDB8MHxwaG90by1wYWdlfHx8fGVufDB8fHx8fA%3D%3D,6
Macchiato,An espresso macchiato is a shot of espresso marked with a small dollop of foam. It is stronger and smaller than a cappuccino or latte.,"['Espresso', 'Foam']",https://images.unsplash.com/photo-1557772611-722dabe20327?auto=format&fit=crop&q=80&w=1887&ixlib=rb-4.0.3&ixid=M3wxMjA3fDB8MHxwaG90by1wYWdlfHx8fGVufDB8fHx8fA%3D%3D,7
Mocha,"For all the chocolate lovers out there, a mocha is an easy favorite. It is a chocolate espresso drink made with steamed milk and foam.","['Espresso', 'Steamed milk', 'Chocolate']",https://images.unsplash.com/photo-1607260550778-aa9d29444ce1?auto=format&fit=crop&q=80&w=1887&ixlib=rb-4.0.3&ixid=M3wxMjA3fDB8MHxwaG90by1wYWdlfHx8fGVufDB8fHx8fA%3D%3D,8
Hot Chocolate,"A classic warm drink made with chocolate and steamed milk. Rich, cozy, and especially good on cold days.","['Chocolate', 'Milk']",https://images.unsplash.com/photo-1542990253-0d0f5be5f0ed?auto=format&fit=crop&q=60&w=800&ixlib=rb-4.0.3&ixid=M3wxMjA3fDB8MHxzZWFyY2h8NDh8fGhvdCUyMGNob2NvbGF0ZXxlbnwwfHwwfHx8MA%3D%3D,9
Chai Latte,"A spiced tea latte made with black tea, steamed milk, and warming spices such as ginger, cardamom, and cinnamon.","['Tea', 'Milk', 'Ginger', 'Cardamom', 'Cinnamon']",https://images.unsplash.com/photo-1578899952107-9c390f1af1b7?w=900&auto=format&fit=crop&q=60&ixlib=rb-4.0.3&ixid=M3wxMjA3fDB8MHxzZWFyY2h8MTJ8fGNoYWklMjBsYXR0ZXxlbnwwfHwwfHx8MA%3D%3D,10
Matcha Latte,"A matcha latte is a green tea drink made with finely ground matcha and milk, offering mild sweetness, a distinctive flavor, and a gentle caffeine boost.","['Matcha powder', 'Milk', 'Sugar*']",https://images.unsplash.com/photo-1536256263959-770b48d82b0a?w=900&auto=format&fit=crop&q=60&ixlib=rb-4.0.3&ixid=M3wxMjA3fDB8MHxzZWFyY2h8M3x8bWF0Y2hhJTIwbGF0dGV8ZW58MHx8MHx8fDA%3D,11
Seasonal Brew,"A seasonal coffee with flavor notes that can include caramel, fruit, and chocolate.",['Coffee'],https://images.unsplash.com/photo-1611162458324-aae1eb4129a4?w=900&auto=format&fit=crop&q=60&ixlib=rb-4.0.3&ixid=M3wxMjA3fDB8MHxzZWFyY2h8MTg1fHxibGFjayUyMGNvZmZlZXxlbnwwfHwwfHx8MA%3D%3D,12
Black Tea,"Black tea is made from the leaves of the Camellia sinensis plant. It can be enjoyed plain or flavored with fruit, spices, or other additions.",['Tea'],https://images.unsplash.com/photo-1576092768241-dec231879fc3?auto=format&fit=crop&q=60&w=800&ixlib=rb-4.0.3&ixid=M3wxMjA3fDB8MHxzZWFyY2h8MjB8fHRlYXxlbnwwfHwwfHx8MA%3D%3D,13
Iced Latte,"An iced latte is espresso poured over ice and cold milk. Sweet syrup is optional, and it is also known as an iced cafe latte.","['Espresso', 'Milk', 'Ice', 'Syrup']",https://images.unsplash.com/photo-1517701550927-30cf4ba1dba5?auto=format&fit=crop&q=60&w=800&ixlib=rb-4.0.3&ixid=M3wxMjA3fDB8MHxzZWFyY2h8NHx8aWNlZCUyMGxhdHRlfGVufDB8fDB8fHww,14
Iced Mocha Latte,"An iced mocha latte combines a latte with mocha flavors, bringing together chocolate and coffee in a rich and refreshing drink.","['Espresso', 'Ice', 'Milk', 'Chocolate']",https://images.unsplash.com/photo-1642647391072-6a2416f048e5?auto=format&fit=crop&q=60&w=800&ixlib=rb-4.0.3&ixid=M3wxMjA3fDB8MHxzZWFyY2h8Mzh8fGljZWQlMjBtb2NoYSUyMGxhdHRlfGVufDB8fDB8fHww,15
Blended Caramel Coffee,"A blended iced coffee with caramel syrup, milk, and ice, topped with whipped cream and caramel sauce.","['Coffee', 'Ice', 'Milk', 'Caramel syrup', 'Whipped cream*', 'Caramel sauce']",https://images.unsplash.com/photo-1662047102608-a6f2e492411f?auto=format&fit=crop&q=60&w=800&ixlib=rb-4.0.3&ixid=M3wxMjA3fDB8MHxzZWFyY2h8NHx8ZnJhcGlubyUyMGNhcmFtZWx8ZW58MHx8MHx8fDA%3D,16
Blended Mocha Coffee,"A blended iced mocha with coffee, milk, cocoa, and ice, finished with whipped cream for a chocolate shake-like treat.","['Coffee', 'Ice', 'Milk', 'Cocoa', 'Whipped cream*']",https://images.unsplash.com/photo-1530373239216-42518e6b4063?auto=format&fit=crop&q=60&w=800&ixlib=rb-4.0.3&ixid=M3wxMjA3fDB8MHxzZWFyY2h8NHx8ZnJhcGlubyUyMG1vY2hhfGVufDB8fDB8fHww,17
Orange Juice,Freshly squeezed orange juice served cold over ice.,"['Fresh oranges', 'Ice']",https://images.unsplash.com/photo-1600271886742-f049cd451bba?auto=format&fit=crop&q=60&w=800&ixlib=rb-4.0.3&ixid=M3wxMjA3fDB8MHxzZWFyY2h8NzF8fG9yYW5nZSUyMGp1aWNlfGVufDB8fDB8fHww,18
Frozen Lemonade,"Frozen lemonade is a refreshing summer drink that combines freshly squeezed lemon juice, ice, and sweetener into a cool, tangy treat.","['Lemon juice', 'Ice', 'Sugar*']",https://images.unsplash.com/photo-1523371054106-bbf80586c38c?w=900&auto=format&fit=crop&q=60&ixlib=rb-4.0.3&ixid=M3wxMjA3fDB8MHxzZWFyY2h8MTZ8fGxlbW9uYWRlJTIwd2l0aCUyMGljZXxlbnwwfHwwfHx8MA%3D%3D,19
Lemonade,"A sweet-tart sparkling lemonade made with lemon juice, carbonated water, and honey.","['Lemon juice', 'Sparkling water', 'Honey']",https://images.unsplash.com/photo-1621263764928-df1444c5e859?auto=format&fit=crop&q=60&w=800&ixlib=rb-4.0.3&ixid=M3wxMjA3fDB8MHxzZWFyY2h8Nnx8bGVtb25hZGV8ZW58MHx8MHx8fDA%3D,20
Black CoffeeTest,"Black coffee is as simple as it gets with ground coffee beans steeped in hot water, served warm. And if you want to sound fancy, you can call black coffee by its proper name: cafe noir.",['Coffee'],https://images.unsplash.com/photo-1494314671902-399b18174975?auto=format&fit=crop&q=80&w=1887&ixlib=rb-4.0.3&ixid=M3wxMjA3fDB8MHxwaG90by1wYWdlfHx8fGVufDB8fHx8fA%3D%3D,55
test,testasdfsaf,"['test', 'dddd', 's']",,56
test,testresdfasdf,"['test', 'tesd', 'sa']",,57
string,string,array,string,number
Robert,coffee coffee,milk and sugar,hello.com/abc,123456
